needle	name	method	csize	usize	lho
903a80a6e8c6457e51a00179f10a8fa8	2011-1234/000201008/903A80A6E8C6457E51A00179F10A8FA8.doc	82834	290304	288861504778
regsvr.exe	2011-1234/001301047/4A0F36311FCD5D6366196082948C0D5A_REGSVR.EXE	20181	44544	146
regsvr.exe	2011-1234/001301012/8DB04E099E22116919ABD4DFCB2A6530_REGSVR.EXE	20181	44544	1767069779
regsvr.exe	2011-1234/000201001/526D6D85BC8BA6B706ABA65771F8B6A6_REGSVR.EXE-196180CE.pf	13361	56078	32357258019
regsvr.exe	2011-1234/000201010/B6A8E7A11C0AE1F44EBF19A7DF8D9C7F_REGSVR.EXE-196180CE.pf	6787	26238	36350399693
regsvr.exe	2011-1234/001301025/58ECEBFA7B06739DB937B3CEAFB7CC21_REGSVR.EXE	12893	53760	80072287140
regsvr.exe	2011-1234/000201007/B4011C20CD468A01E682C3DF02F3D4AF_REGSVR.EXE-196180CE.pf	8924	34378	85367939563
regsvr.exe	2011-1234/000201003/970FBC2300A055C92DF35D9D02F83425_REGSVR.EXE-196180CE.pf	14682	60360	96429441388
regsvr.exe	2011-1234/000701010/13649B559F74AAB726CD4B56F3F4E855_REGSVR.EXE	20181	44544	227040486603
regsvr.exe	2011-1234/001301004/EF93E5FA6220AAA0241ADD163706F30B_REGSVR.EXE	20131	44544	242047914607
regsvr.exe	2011-1234/000001002/28D7F700019EE925E937A3964E3EB12D_REGSVR.EXE	20181	44544	282329665291
regsvr.exe	2011-1234/001301051/C529D4AADE464BF5C8C65F79CA7ED9EC_REGSVR.EXE	20181	44544	298160540633
regsvr.exe	2011-1234/001301024/A31D62C63DCDABC8B21FCF8FC66F6F3D_REGSVR.EXE	20181	44544	305964970404
regsvr.exe	2011-1234/001301042/6ADD5166139BBBC85E81E94571C790FA_REGSVR.EXE	20181	44544	308753768642
scvhost.exe	2011-1234/000201001/0FDFEBA9D39ED5CE7D3D2A8DD7CA605A_SCVHOST.EXE-2C8D7CBA.pf	7034	26846	34686758262
scvhost.exe	2011-1234/000201010/D06CCDEFE061417BA3D52C80DB46ADAC_SCVHOST.EXE-2C8D7CBA.pf	9131	32500	39916216921
scvhost.exe	2011-1234/000201007/322BD8B4235881D7CBEFB0196415CA8B_SCVHOST.EXE-2C8D7CBA.pf	17616	71474	88902459641
scvhost.exe	2011-1234/000201003/EFAFD484F7456DF0B3D1969D51C5A404_SCVHOST.EXE-2C8D7CBA.pf	7193	27014	100166472238
agentcpd.dll	2011-1234/000201001/91985CF1B695F95A72DF8E27C75EAFC5_AGENTCPD.DLL	13181	32768	31650606887
tsxp	2011-1234/000201002/AB07ED5EBB0167C6704D8D024AFFF74D_TSXP.EXE	358271	365956	245926450629
a0003368	2011-1234/000201002/51410E6E574E2B866A7BFAC1BBB3D71D_A0003368.exe	2712081	2724123	244994792389
setup1.exe	2011-1234/000201001/A131FCA432B42AEC82DFEFC02AA4879C_Setup1.exe	55617	172032	31750287848
setup1.exe	2011-1234/000201010/637FF0C9F2E1DDD4E3F3C4EFCB2A0EE2_SETUP1.EXE	91720	270336	45127331073
setup1.exe	2011-1234/000201012/8093C4EA4500A45BEC9E34149EB1119F_SETUP1.EXE	91612	249856	197866712518
setup1.exe	2011-1234/000201011/AD86EEC75D251EBC15B4DBED961160FF_Setup1.exe	373394	417792	262634294526
setup1.exe	2011-1234/001301037/2D9E9B61753AA1FE659FF154969B0DEA_SETUP1.EXE	227559	757760	319113582645
postbuild.exe	2011-1234/000201006/A9B581FAD00949FE77B5E48A36C1F920_PostBuild.exe	14811	36864	225193047564
postbuild.exe	2011-1234/000201006/1EF788F187FEC8D4F38D7BF6681B01A8_PostBuild.exe	14774	36864	225958954418
postbuild.exe	2011-1234/000201002/92405A3EEB9D74DB7CCFBF32CC720176_PostBuild.exe	19237	53319	243979499769
glb1.tmp	2011-1234/000201003/F54E8E2D4A979D6D83AC636569596369_GLB1.tmp	65546	71680	101841514003
softonicen_vlc	2011-1234/000201003/FAA112D334EBB5D4F8B827E9D55DA6DF_SoftonicEN_vlc-1.0.5-win32.exe	20920541	20928000	96528221526
softonicen_vlc	2011-1234/000201002/329924711AA5500781337B15694C75D6_SoftonicEN_vlc-1.0.5-win32.lnk	335	559	242196022359
password	2011-1234/000201014/65B4992167BF98B8399250E62B110472_Forgotten_Password.htm	754	1853	3862190839
password	2011-1234/000201014/5DEEEE064495C4732AD233DB9CE84D6B_Assign_master_password.htm	614	1473	3865128529
password	2011-1234/000201014/97422041216F465961F89CF688B343C1_Invalid_Password.htm	486	1100	3988720456
password	2011-1234/000201014/638B3EEAF530C242325A5A8857EA3F02_Assign_master_password.htm	731	1544	4111243693
password	2011-1234/000201014/BDE74615AE38381302F4409D5DBE14F7_Invalid_Password.htm	488	1119	4221848837
password	2011-1234/000201014/8DE1943EA39AA070F42D6640B68C585E_Master_password_details.htm	613	1338	4225386793
password	2011-1234/000201014/15E571EB35F856216FB4770D27F72115_SnapfishUsernamePasswordDialog.kc	3070	5746	4751612014
password	2011-1234/000201014/EE7C3314AED46375310FCC2AF331889D_Master_password_details.htm	595	1367	4866985033
password	2011-1234/000201014/CF187EDF2FDC3B7A1C77846885A0268A_Master_password_details.htm	608	1383	4890737995
password	2011-1234/000201014/470FCB4426FAAA3BD3574FF83013F1E7_Invalid_Password.htm	537	1120	4913270547
password	2011-1234/000201014/26F58E8C873B527B4A4858069CD5A980_Set_password_rules.htm	671	1323	4919948368
password	2011-1234/000201014/528D7089D3251D7C37782803F57766E0_Forgotten_Password.htm	751	1850	4930732917
password	2011-1234/000201014/63339FCFCFDA710CDF1D8B2126F3CC42_Invalid_Password.htm	499	1102	4991856449
password	2011-1234/000201014/D54A83F79A162387828B62FB9FBFD75C_Set_password_options.htm	583	1186	5174910514
password	2011-1234/000201014/EC0C3CB2B4E5E00CCD0C344BAC04AE1E_Forgotten_Password.htm	789	1647	5392984162
password	2011-1234/000201014/D9183925D8C961F9CDAC91701A50C61A_Set_password_options.htm	605	1441	5399324267
password	2011-1234/000201014/43D9F4C03008FE27CD3414A243E1294C_Set_password_options.htm	615	1411	5411415838
password	2011-1234/000201014/018A8CF8313CF2E86998CF66DA75C9A6_Master_password_details.htm	673	1360	5576229020
password	2011-1234/000201014/B6AAF9FCD6AB4F8C680AC1EC18719148_Set_password_rules.htm	613	1185	5683929148
password	2011-1234/000201014/B3B6ACE91B0412E22892E74CFF9F37CD_Forgotten_Password.htm	763	1943	5690313455
password	2011-1234/000201014/1E6AB4B84D781719463631817DF580BF_Assign_master_password.htm	627	1483	5691296860
password	2011-1234/000201014/69D6E0460A40E169AF7E815ADC980607_Reset_Password.htm	947	2399	5783796949
password	2011-1234/000201014/D48AF6F55E192CC92E2F5A90E929E385_Reset_Password.htm	949	2399	5806399718
password	2011-1234/000201014/E57AEBF89EB9F393B0C09752BB73A320_Set_password_options.htm	605	1197	5856448529
password	2011-1234/000201014/B1AF319406960710EAD585AE4534D3D8_Invalid_Password.htm	508	1148	7896199276
password	2011-1234/000201014/E0CA776DB705CD712918DD432A7F02DF_Set_password_options.htm	578	1191	8103350096
password	2011-1234/000201014/30A71D574ED516098752812F34698EBD_Set_password_rules.htm	619	1198	8118102597
password	2011-1234/000201014/DA5C49F04615E36D03B5D1C7A9A16F7C_Set_password_options.htm	641	1175	8118596697
password	2011-1234/000201014/48016FAEA33C154238617E9B396ECA63_Forgotten_Password.htm	720	1810	8374917134
password	2011-1234/000201014/674D1435E3AD722C854C869D49B6961B_Set_password_options.htm	619	1184	8403557998
password	2011-1234/000201014/E283584F0D8AAC819B2A2E7B1CEDC674_Forgotten_Password.htm	736	1825	8405892009
password	2011-1234/000201014/9E7F9125548AC60D17DDC463DEA98F53_Set_password_rules.htm	587	1147	8422387282
password	2011-1234/000201014/E2ECE750AA569C551E8180EDD4B181E7_Invalid_Password.htm	490	1107	8913813210
password	2011-1234/000201014/F26E913DE2CD47EB7E08F1724C598644_Invalid_Password.htm	484	1112	8935241946
password	2011-1234/000201014/0867247F6F1987329943AFECDEDF9E61_Forgotten_Password.htm	793	1910	9019703811
password	2011-1234/000201014/505808C59C14D5AD61FD47108C5F74FB_Reset_Password.htm	954	2347	9121176369
password	2011-1234/000201014/7C3DBE07857909BC224DFAC978C86BD4_Invalid_Password.htm	487	1078	9269694722
password	2011-1234/000201014/AB3AD84DE49373FE4BC26E52C118E7AE_Master_password_details.htm	596	1360	9299663661
password	2011-1234/000201014/37DAA0ACC5B45A5197E378FF3DF37A6B_Master_password_details.htm	606	1335	9386495116
password	2011-1234/000201014/4BC809580DBCB3E2800DFE8415E90537_Assign_master_password.htm	666	1733	9985786410
password	2011-1234/000201014/E8F305392B664AD58210E24ABD55A39C_Set_password_rules.htm	609	1187	10046385897
password	2011-1234/000201014/4B9ED75C40540729CF24E81C6DB9B819_Reset_Password.htm	1002	2364	10091065232
password	2011-1234/000201014/4542E2BBBA00BDC17A81A80C878C0916_Assign_master_password.htm	656	1490	10245852802
password	2011-1234/000201014/8CE2AFE32E298093A29DFE6802CB4B8F_Reset_Password.htm	967	2494	10407231473
password	2011-1234/000201014/4DF430B894AA82DB98D1BFFB8803E9F2_Master_password_details.htm	611	1370	10453075651
password	2011-1234/000201014/5153E98A044875060F727FDC3C13A765_Set_password_options.htm	577	1185	10520441731
password	2011-1234/000201014/F2E0FB13F72B62FAB2E2FFDCAEAA410C_Invalid_Password.htm	490	1114	10634174136
password	2011-1234/000201014/1B0D8E9763F470C33AE7F239D6172497_Set_password_rules.htm	595	1202	11224121549
password	2011-1234/000201014/9965ED9A8E71643191E23BAED6D71EA8_Reset_Password.htm	960	2325	11226403196
password	2011-1234/000201014/BCDACD9A27212930D6E9EC23AE33C1D7_Master_password_details.htm	590	1346	11248750734
password	2011-1234/000201014/CC9ADE914FA7C18DA89B43CC99AAE37F_Invalid_Password.htm	497	1114	11281095960
password	2011-1234/000201014/135680A4798FBF64400E4266ADBBC56B_Set_password_rules.htm	605	1182	11285801231
password	2011-1234/000201014/EDF984337071C9D236800A3EF48EE706_Forgotten_Password.htm	751	1842	11694412861
password	2011-1234/000201014/14B06CD5085BFC1E9D050648D9FA388C_Master_password_details.htm	627	1427	11877999404
password	2011-1234/000201014/88B5D8DA13F847738128AB36D8D571DD_Reset_Password.htm	968	2484	11984099414
password	2011-1234/000201014/1D14333944B9857A84841BE58570E2D7_Invalid_Password.htm	514	1108	11984753465
password	2011-1234/000201014/462CD0A03ECB56CA6C84EEE49F32D6A7_Forgotten_Password.htm	787	1820	12056168843
password	2011-1234/000201014/C7DAFED49003F8D04CD0EEC17E1B8BAF_Assign_master_password.htm	696	1658	12101408280
password	2011-1234/000201014/E253EF17AE30713E21F273B14C0BA615_Assign_master_password.htm	650	1480	12115530140
password	2011-1234/000201014/161E741E5B26184B7F82711591914B33_Forgotten_Password.htm	884	2150	12116406078
password	2011-1234/000201014/9C6833193191BDA1EB81F4EE76B19BC0_Set_password_options.htm	587	1189	12127380485
password	2011-1234/000201014/7FC113AF9175A3FA739B386D6EFB41AC_Set_password_rules.htm	612	1145	12129127118
password	2011-1234/000201014/7A2E8F92E7258D941E2FDCC8DC211857_Set_password_rules.htm	600	1221	12526116044
password	2011-1234/000201014/72F870FAF5B0C436EEC4064A953F72BF_Reset_Password.htm	960	2464	12568126930
password	2011-1234/000201014/1C186184237DA18F2D1141BA8B364935_Master_password_details.htm	585	1173	12622307053
password	2011-1234/000201014/136588E7D906E11645C1DFB61B22D62E_Set_password_options.htm	619	1460	12913597597
password	2011-1234/000201014/09A4F7C54CE21E9951EF8246F37B3BF8_Set_password_rules.htm	617	1371	12924150801
password	2011-1234/000201014/CEE8F93C28E39B84125C233D28BA8881_Master_password_details.htm	638	1312	12949484993
password	2011-1234/000201014/6861F3D37DBEB5884BBE9ED6327431B5_Reset_Password.htm	941	2334	13159616674
password	2011-1234/000201014/641CD49930DB707A0E539F9DF36ED880_Assign_master_password.htm	631	1492	13296536886
password	2011-1234/000201014/5AE8B13CC245E0F69D5D400ECAD5ED9E_Reset_Password.htm	922	2302	13446635381
password	2011-1234/000201014/B98CA1960DECBA1CD310C8764C8A6185_Reset_Password.htm	944	2357	13452133131
password	2011-1234/000201014/85C789123376241C952BBB180DA7B1AC_Reset_Password.htm	1040	2470	13724563401
password	2011-1234/000201014/1E6F0CA4C82C45A3376A3F68B867651C_Forgotten_Password.htm	783	1780	13990330769
password	2011-1234/000201014/D749700559287C3E6DD2CE336160FE36_Assign_master_password.htm	644	1677	13990491212
password	2011-1234/000201014/58A2690AE4611E00914F570AE934FD97_Invalid_Password.htm	538	1132	14081930083
password	2011-1234/000201014/933C67776A291C53302E348418B5D94D_Assign_master_password.htm	652	1687	14240542482
password	2011-1234/000201014/67F09AA6F7ADF2192A554370426C7C00_Master_password_details.htm	614	1427	14241052764
password	2011-1234/000201014/481C2BED3CFC1E0895890CF6A02412EE_Master_password_details.htm	715	1563	14243152104
password	2011-1234/000201014/4C409A4F1511B0C34AEBFA0C11D277A9_Forgotten_Password.htm	767	1913	14327317845
password	2011-1234/000201014/54F3F18AA399B3031FF865B8B799D768_Invalid_Password.htm	496	1137	14523861446
password	2011-1234/000201014/21D6FDB4212589E58DD0114A08AB83F9_Set_password_options.htm	607	1304	14539556888
password	2011-1234/000201014/5EE4100D8DCABC3DC2BBC09DB49B41E6_Set_password_options.htm	660	1252	14561566981
password	2011-1234/000201014/2BFBFB1C0ED0A3576D2DC64F234872C1_Reset_Password.htm	989	2332	14570683400
password	2011-1234/000201014/53A478876E5D5AC6EF51A295AD5E6621_Set_password_options.htm	617	1383	14582113627
password	2011-1234/000201014/2B78DED46D4FE772E76CDB0DD759B53E_Master_password_details.htm	601	1375	14683969783
password	2011-1234/000201014/40C948D2A46C995DDA6C0E030B5ABE1D_Assign_master_password.htm	632	1530	14685792924
password	2011-1234/000201014/011B3ED95475BFC060D6EAB53E59858D_Assign_master_password.htm	668	1458	25432276690
password	2011-1234/000201014/73CD47D50868AB23B7E31CC99D069EDD_Forgotten_Password.htm	765	1905	25630252099
password	2011-1234/000201014/8AB3A73501C0E05BB5E8F9A3D3A60852_Reset_Password.htm	981	2513	25640538900
password	2011-1234/000201014/9D8EFEC846FA7890B4BAFDF224D1E4FF_Set_password_options.htm	712	1474	25774602279
password	2011-1234/000201014/EE7B439E96B016E2BE2ECEE530D6DD36_Set_password_rules.htm	626	1153	25797445572
password	2011-1234/000201014/74487A144503DD7A14F99938302B896E_Invalid_Password.htm	517	1181	25800957675
password	2011-1234/000201014/08828BB7C404ADC10AEDC2F22046F512_Master_password_details.htm	613	1435	26058411124
password	2011-1234/000201014/B18C996B5D3600F8005CA15DEE44BB6D_Assign_master_password.htm	639	1511	26105912940
password	2011-1234/000201014/BDF2C28C5C6307B8F5DCF381748C34B5_Reset_Password.htm	911	2341	26111853461
password	2011-1234/000201014/B337A674D3F833E542192F569242FB5C_Master_password_details.htm	642	1366	26112834752
password	2011-1234/000201014/714D32B20FBEA8ADFBE4D0CE06F1C061_Reset_Password.htm	957	2388	26147540683
password	2011-1234/000201014/FDDE6AA4557CFF147869DCC39A5F8A69_Invalid_Password.htm	510	1111	26269410000
password	2011-1234/000201014/0E0EDEA78139C7AFCBAA97A0887E6A69_Forgotten_Password.htm	747	1931	26721391851
password	2011-1234/000201014/982365880039620A3EF21D042DC23BAC_Assign_master_password.htm	613	1478	26784516957
password	2011-1234/000201014/8CCA5A5ADAC2F351DBFA25BADFAC6417_Forgotten_Password.htm	738	1810	26896145130
password	2011-1234/000201014/27C8950E6F32D8C56387A93C329B410C_Invalid_Password.htm	477	1114	27273927395
password	2011-1234/000201014/503E736511C17655174FA18B467FD78F_Set_password_rules.htm	592	1150	27360932950
password	2011-1234/000201014/CDF55FC4E4C26476FB768AD1D18BA57E_Set_password_rules.htm	581	1148	27372380408
password	2011-1234/000201014/A6FB38BDE50439BA6270BDBCE99F5866_Set_password_rules.htm	645	1130	27380331357
password	2011-1234/000201014/39AC73A51BFB1DE41B4FFDCEFCB6DBDE_Set_password_options.htm	614	1165	27529694362
password	2011-1234/000201014/E8A863A03BB2DF2AD7A9E9175476CE28_Set_password_rules.htm	645	1109	27567702008
password	2011-1234/000201014/7025283C02C1F00D9E179C937FE98B53_Set_password_rules.htm	731	1380	27654342403
password	2011-1234/000201014/CA2286786E33C4C02195C9F0AC3C0241_CheckPasswordDlg.kc	4609	9674	27665807013
password	2011-1234/000201014/F07896197A9B18F07B599B75D7862F53_Forgotten_Password.htm	748	1854	27687352311
password	2011-1234/000201014/8ED9E065504270F500F7A1F2E29003CD_Set_password_options.htm	604	1164	28231614283
password	2011-1234/000201014/73350242EEC5DF4C6322EC544949D383_Forgotten_Password.htm	777	1853	28239403309
password	2011-1234/000201014/2362F3A2B3207F255FA820DD74C805A1_Assign_master_password.htm	654	1758	28259747511
password	2011-1234/000201014/F0AB1493F92389D1ADCE26569413E9EF_Master_password_details.htm	586	1371	28259754664
password	2011-1234/000201014/D5C08A8B31D0722EF045383D33CCF6D5_Set_password_rules.htm	594	1138	28263599639
password	2011-1234/000201014/D9062033BCEE896A749145495DD236AA_Assign_master_password.htm	700	1558	28307386976
password	2011-1234/000201014/D4AF0962A8D85481F0DFEC55D55B3389_Invalid_Password.htm	482	1103	28520282770
password	2011-1234/000201014/0F1DB50C545A6C5658C5DED582738417_Assign_master_password.htm	639	1668	28847132285
password	2011-1234/000201014/A1B07C6023A5CBD89F0309B11EA8DEE5_Set_password_options.htm	627	1137	28967389966
password	2011-1234/000201014/E6B66E9931818DDAC4434E1FF155B410_Reset_Password.htm	947	2385	28967519315
password	2011-1234/000201032/568385CE26D7CBC6082A6946169E0934_Password.txt	11	11	31203304659
password	2011-1234/000201001/C478A021809CD5DB1E442BE0BF8A9211_x86_microsoft-windows-e..epassword.resources_31bf3856ad364e35_6.1.7600.16385_en-us_00f916ccdc22ebc0.manifest	964	2415	34491766835
password	2011-1234/000201010/CA5EC41883F9C1A06B50AAE838059713_SubChangePasswordChangePassword.res	381	2196	36311816064
password	2011-1234/000201010/99DB59A17A1F4C629552F4D9A1FB2009_icon_password_column.tga	90	1068	37540100717
password	2011-1234/000201010/DB9D7336485D7DF3549FD9D0D2944A31_icon_password.tga	63	1068	37548098841
password	2011-1234/000201010/482771F15547B815E0A1802940A6F3C7_SubPanelWelcomeCreateNewAccountPassword.res	378	1853	40219244738
password	2011-1234/000201010/8F5BA02DC3F9C12AFE948392B430D554_SubForgotPasswordUserName.res	342	1078	45027692742
password	2011-1234/000201010/7F73B877010AE664CE24CB6A02A9D1EE_SubChangePasswordComplete.res	269	465	46034668953
password	2011-1234/000201010/5D00D6C9250B9611170257E3C97BE4C8_SubForgotPasswordSuccess.res	220	396	46838818779
password	2011-1234/000201010/8B94761DBC53E2E46BDD78E24AAA08DE_SubForgotPasswordQuestion.res	433	2432	47565319473
password	2011-1234/000201010/7D0D69044C6617F4D47E0F9AF2FE875A_SubForgotPasswordSetNewPassword.res	367	1783	47586684240
password	2011-1234/000201010/C91AF7B3608F5E76BA953C9F6ABDA3E0_SubForgotPasswordIncorrect.res	227	407	51333155244
password	2011-1234/000201010/A68E5E5CEC08D37FAEAE55A9445E7AA0_ConfirmPasswordDialog.res	445	1704	52686510334
password	2011-1234/000201010/C355D3437AC25E00FCF49CC3BF0A7C44_SubChangePasswordChangeSecretQuestion.res	427	2228	53511010479
password	2011-1234/000201010/73A3321A4D623181888DAA57D2A1ED13_SubChangePasswordOptions.res	323	1212	57128124723
password	2011-1234/000201010/1519B626DA55EEBACAFB6182A5A9EF70_icon_password.tga	89	1068	57695918898
password	2011-1234/000201009/A38326002540C8BA099919AD8FCAA9D7_MIDOPassword.exe	7714	61440	62702595978
password	2011-1234/000201007/6AFF4A4C48FA13ED46017A17E1B52ABC_amd64_microsoft-windows-e..epassword.resources_31bf3856ad364e35_6.1.7600.16385_en-us_5d17b25094805cf6.manifest	966	2417	82672351740
password	2011-1234/000201003/A29C0364EDC9C78D92CA0732A735D29C_password.chm	16418	24021	96486491448
password	2011-1234/000201012/5D062AF0A8FFD3B2A08E0BD82A248971_PasswordChanger-Demo-Setup.exe	1776488	1792800	107248367027
password	2011-1234/000201012/88C968919DB20EB0ABA7797B125E0F7B_MIDOPassword.exe	7712	61440	204842115233
password	2011-1234/000201038/27DC54C5C9CA036733E02A99ECA45C5F_ico_alpha_passwordsaving_32x32.ico	1291	2238	223555634359
password	2011-1234/000201015/E28BF8AFB07CD373FBE9113065E8AB78_l-password.gif	196	196	240163240578
password	2011-1234/000201002/D653657E803BAFA4E08F6021924DABAB_x86_microsoft-windows-es-configurepassword_31bf3856ad364e35_6.1.7600.16385_none_e7d0a4e2522bd83d.manifest	964	2458	245595437382
password	2011-1234/000201002/2D63698912B0D3E8C85F215AE5EAD306_amd64_microsoft-windows-es-configurepassword_31bf3856ad364e35_6.1.7600.16385_none_43ef40660a894973.manifest	964	2462	246129189259
keylog	2011-1234/000201014/F9270AF095ABBA7FC2F81CD49AC65D34_KeyLog.dat	43	44	26123006491
poison	2011-1234/000201010/E5E45C3669A3A697BA45401E17FB0E6A_POISONS.doc	15182	56832	46106387291
poison	2011-1234/000701002/446829D77A026C0E10424FE3226EAE0E_Chemical_Weapons_and_Poisons.htm	2414	12951	93220164882
poison	2011-1234/000201011/15DA9E63AC024E25299A7F9D907E78D1_Scores_choke_in_poison_gas_attack_-_CNN_com.htm	11524	46431	252547806249
poison	2011-1234/000201011/A91564688DA95DD4E191763902C906DB_Spy_Left_Trail_of_Radiation_After_Alleged_Poisoning.htm	9532	34704	257860331627
poison	2011-1234/000201011/D9BF6C2FC90BC1CF271A5D4D09765C33_UK_police_protect_'poisoned'_ex-spy.htm	6127	26932	265596394933
poison	2011-1234/000201011/93E241FF11301FA3619B5924CB7D7160_Russian_Ex-Spy_Poisoned_in_U.K.,_Thallium_Unlikely,_Doctor_Says.htm	8816	38694	265690741767
poison	2011-1234/000201011/34C09381C6E9AB9550E11BBCB3013C5F_Spy_'Poisoned_By_Radiation'.htm	10735	41404	266482478052
poison	2011-1234/000201008/82ECE38576A2D4B42A2E46B3E3CCC786_Jihadi_Forum_Outlines_Use_of_Poisons_for_Terrorist_Attacks.htm	6042	30097	286704506825
poison	2011-1234/000201008/A027B5693BEAB9D074F32DFC7D2993C9_'Former_Russian_PM_poisoned'.htm	18124	68668	289347316891
poison	2011-1234/000201008/ADA7FB19C14FFCA875D25F22F28DB92A_Former_Russian_PM_victim_of_'unnatural'_poisoning.htm	6888	34511	290621523946
poison	2011-1234/000201008/4CBE8F3B2822B6B0B2AEED94E9C815A4_Spy_Left_Trail_of_Radiation_After_Alleged_Poisoning.htm	2040	34704	293647351894
poison	2011-1234/000201008/E3A919E45F789FF4FE26E706D6CEA49B_Poison_of_choice_used_in_attack_on_ex-Russian_spy.htm	11929	72435	293722623338
poison	2011-1234/001301042/8FA193033D382F9C8872458214F00C1B_al-Qaida_planned_to_kill_Saudis_with_poisoned_gifts.htm	24491	104775	309155947659
