10001000	FUN_10001000	10001000_FUN_10001000.c	21
10001015	FUN_10001015	10001015_FUN_10001015.c	255
10001114	FUN_10001114	10001114_FUN_10001114.c	833
10001455	FUN_10001455	10001455_FUN_10001455.c	241
100015a2	FUN_100015a2	100015a2_FUN_100015a2.c	281
100016bb	FUN_100016bb	100016bb_FUN_100016bb.c	459
10001886	FUN_10001886	10001886_FUN_10001886.c	13
10001893	FUN_10001893	10001893_FUN_10001893.c	496
10001a85	FUN_10001a85	10001a85_FUN_10001a85.c	150
10001b1b	FUN_10001b1b	10001b1b_FUN_10001b1b.c	157
10001bb8	FUN_10001bb8	10001bb8_FUN_10001bb8.c	711
10001e7f	FUN_10001e7f	10001e7f_FUN_10001e7f.c	111
10001eee	FUN_10001eee	10001eee_FUN_10001eee.c	119
10001f65	FUN_10001f65	10001f65_FUN_10001f65.c	107
10001fd0	FUN_10001fd0	10001fd0_FUN_10001fd0.c	299
100020fb	FUN_100020fb	100020fb_FUN_100020fb.c	121
10002174	FUN_10002174	10002174_FUN_10002174.c	224
10002254	FUN_10002254	10002254_FUN_10002254.c	132
100022d8	_start@16	100022d8__start_16.c	17
100022e9	FUN_100022e9	100022e9_FUN_100022e9.c	70
1000232f	FUN_1000232f	1000232f_FUN_1000232f.c	262
1000243d	FUN_1000243d	1000243d_FUN_1000243d.c	59
10002478	FUN_10002478	10002478_FUN_10002478.c	65
100024b9	FUN_100024b9	100024b9_FUN_100024b9.c	4
100024bd	FUN_100024bd	100024bd_FUN_100024bd.c	26
100024d7	FUN_100024d7	100024d7_FUN_100024d7.c	48
10002507	FUN_10002507	10002507_FUN_10002507.c	163
100025aa	FUN_100025aa	100025aa_FUN_100025aa.c	557
100027d7	FUN_100027d7	100027d7_FUN_100027d7.c	550
100029fd	FUN_100029fd	100029fd_FUN_100029fd.c	154
10002a97	FUN_10002a97	10002a97_FUN_10002a97.c	343
10002bee	FUN_10002bee	10002bee_FUN_10002bee.c	19
10002c01	FUN_10002c01	10002c01_FUN_10002c01.c	19
10002c14	FUN_10002c14	10002c14_FUN_10002c14.c	19
10002c27	FUN_10002c27	10002c27_FUN_10002c27.c	266
10002d31	FUN_10002d31	10002d31_FUN_10002d31.c	293
10002e56	FUN_10002e56	10002e56_FUN_10002e56.c	19
10002e69	FUN_10002e69	10002e69_FUN_10002e69.c	19
10002e7c	FUN_10002e7c	10002e7c_FUN_10002e7c.c	38
10002ea2	FUN_10002ea2	10002ea2_FUN_10002ea2.c	19
10002eb5	FUN_10002eb5	10002eb5_FUN_10002eb5.c	672
1000316f	FUN_1000316f	1000316f_FUN_1000316f.c	417
10003310	FUN_10003310	10003310_FUN_10003310.c	180
100033c4	FUN_100033c4	100033c4_FUN_100033c4.c	76
10003410	FUN_10003410	10003410_FUN_10003410.c	108
1000347c	FUN_1000347c	1000347c_FUN_1000347c.c	249
10003575	FUN_10003575	10003575_FUN_10003575.c	163
10003618	FUN_10003618	10003618_FUN_10003618.c	188
100036d4	FUN_100036d4	100036d4_FUN_100036d4.c	26
100036ee	FUN_100036ee	100036ee_FUN_100036ee.c	330
10003838	FUN_10003838	10003838_FUN_10003838.c	53
1000386d	FUN_1000386d	1000386d_FUN_1000386d.c	118
100038e3	FUN_100038e3	100038e3_FUN_100038e3.c	9
100038ec	FUN_100038ec	100038ec_FUN_100038ec.c	27
10003907	FUN_10003907	10003907_FUN_10003907.c	278
10003a1d	FUN_10003a1d	10003a1d_FUN_10003a1d.c	318
10003b5b	FUN_10003b5b	10003b5b_FUN_10003b5b.c	109
10003bc8	FUN_10003bc8	10003bc8_FUN_10003bc8.c	313
10003d01	FUN_10003d01	10003d01_FUN_10003d01.c	257
10003e02	FUN_10003e02	10003e02_FUN_10003e02.c	170
10003eac	FUN_10003eac	10003eac_FUN_10003eac.c	302
10003fda	FUN_10003fda	10003fda_FUN_10003fda.c	165
1000407f	FUN_1000407f	1000407f_FUN_1000407f.c	25
10004098	FUN_10004098	10004098_FUN_10004098.c	108
10004104	FUN_10004104	10004104_FUN_10004104.c	301
10004231	FUN_10004231	10004231_FUN_10004231.c	24
10004249	FUN_10004249	10004249_FUN_10004249.c	117
100042be	FUN_100042be	100042be_FUN_100042be.c	13
100042cb	FUN_100042cb	100042cb_FUN_100042cb.c	10
100042d5	FUN_100042d5	100042d5_FUN_100042d5.c	85
1000432a	FUN_1000432a	1000432a_FUN_1000432a.c	376
100044a2	FUN_100044a2	100044a2_FUN_100044a2.c	377
1000461b	FUN_1000461b	1000461b_FUN_1000461b.c	131
1000469e	FUN_1000469e	1000469e_FUN_1000469e.c	232
10004786	FUN_10004786	10004786_FUN_10004786.c	437
1000493b	FUN_1000493b	1000493b_FUN_1000493b.c	85
10004990	FUN_10004990	10004990_FUN_10004990.c	75
100049db	FUN_100049db	100049db_FUN_100049db.c	27
100049f6	FUN_100049f6	100049f6_FUN_100049f6.c	27
10004a11	FUN_10004a11	10004a11_FUN_10004a11.c	394
10004b9b	FUN_10004b9b	10004b9b_FUN_10004b9b.c	189
10004c58	FUN_10004c58	10004c58_FUN_10004c58.c	49
10004c89	FUN_10004c89	10004c89_FUN_10004c89.c	118
10004cff	FUN_10004cff	10004cff_FUN_10004cff.c	176
10004dd0	FUN_10004dd0	10004dd0_FUN_10004dd0.c	47
10004e0c	FUN_10004e0c	10004e0c_FUN_10004e0c.c	171
10004eb7	entry	10004eb7_entry.c	157
